<?xml version="1.0" encoding="UTF-8"?>
<project-private xmlns="http://www.netbeans.org/ns/project-private/1">
    <editor-bookmarks xmlns="http://www.netbeans.org/ns/editor-bookmarks/2" lastBookmarkId="0"/>
    <open-files xmlns="http://www.netbeans.org/ns/projectui-open-files/2">
        <group>
            <file>file:/C:/Users/user/Documents/NetBeansProjects/Laboratorio%208/src/java/laboratorio8/utils/Log.java</file>
            <file>file:/C:/Users/user/Documents/NetBeansProjects/Laboratorio%208/src/java/modelo/ComentariosDAO.java</file>
            <file>file:/C:/Users/user/Documents/NetBeansProjects/Laboratorio%208/web/buscar.jsp</file>
        </group>
    </open-files>
</project-private>
